{
    "p": [
        {
            "p0": {
                "r": 4.4659999999415625,
                "z": 3.8100992080498504,
                "t": 1.5707963267948966,
                "l": 1.2085995885523033
            },
            "p1": {
                "r": 4.4659999999415625,
                "z": 5.018698796602154
            },
            "p2": {
                "r": 5.977984451722016,
                "z": 7.253277056874127
            },
            "p3": {
                "r": 8.588877119417523,
                "z": 7.253277056874127,
                "t": -3.141592653589793,
                "l": 2.6108926676955067
            }
        },
        {
            "p0": {
                "r": 8.588877119417523,
                "z": 7.253277056874127,
                "t": 0.0,
                "l": 3.6277306572526875
            },
            "p1": {
                "r": 12.21660777667021,
                "z": 7.253277056874127
            },
            "p2": {
                "r": 17.49457122179974,
                "z": 2.9449426218327828
            },
            "p3": {
                "r": 15.247386732021909,
                "z": -1.7363270198112888,
                "t": -5.159939348645137,
                "l": 5.192699065888227
            }
        },
        {
            "p0": {
                "r": 14.073189896288888,
                "z": -4.182379858568179,
                "t": -2.0183466950553437,
                "l": 1.9118755876180449
            },
            "p1": {
                "r": 13.245809547001258,
                "z": -5.905954637956218
            },
            "p2": {
                "r": 11.778932187825745,
                "z": -8.46616724685312
            },
            "p3": {
                "r": 8.55227101315351,
                "z": -8.46616724685312,
                "t": -6.283185307179586,
                "l": 3.2266611746722362
            }
        },
        {
            "p0": {
                "r": 8.55227101315351,
                "z": -8.46616724685312,
                "t": -3.141592653589793,
                "l": 2.5810300644684503
            },
            "p1": {
                "r": 5.971240948685059,
                "z": -8.46616724685312
            },
            "p2": {
                "r": 4.4659999999415625,
                "z": -6.229186438246034
            },
            "p3": {
                "r": 4.4659999999415625,
                "z": -5.027559293635673,
                "t": -1.5707963267948966,
                "l": 1.2016271446103606
            }
        }
    ],
    "section": {
        "case": {
            "side": 0.1,
            "nose": 0.51,
            "inboard": 0.04,
            "outboard": 0.19,
            "external": 0.225
        },
        "winding_pack": {
            "width": 0.620778760970496,
            "depth": 1.2505379489212676
        }
    },
    "pf": {
        "Coil0": {
            "r": 7.102809057,
            "z": -10.37417693,
            "dr": 1.233542235,
            "dz": 1.233542235,
            "I": 19020114.9,
            "rc": 0.8722460792485098
        },
        "Coil1": {
            "r": 13.87948386,
            "z": -7.926176091,
            "dr": 0.7511572142,
            "dz": 0.7511572142,
            "I": -4945447.975,
            "rc": 0.531148359898016
        },
        "Coil2": {
            "r": 17.03561857,
            "z": -2.485366474,
            "dr": 0.9114421312,
            "dz": 0.9114421312,
            "I": -9778588.759,
            "rc": 0.6444869116306389
        },
        "Coil3": {
            "r": 17.06060371,
            "z": 2.515359186,
            "dr": 0.3827562073,
            "dz": 0.3827562073,
            "I": 1830984.686,
            "rc": 0.2706495097230739
        },
        "Coil4": {
            "r": 14.12062974,
            "z": 7.166080921,
            "dr": 0.894016463,
            "dz": 0.894016463,
            "I": -7230023.123,
            "rc": 0.6321651034797122
        },
        "Coil5": {
            "r": 5.516430645,
            "z": 8.680222135,
            "dr": 1.209898138,
            "dz": 1.209898138,
            "I": 18293797.55,
            "rc": 0.8555271779247773
        },
        "Coil6": {
            "r": 2.9,
            "z": -7.8784,
            "dr": 0.8,
            "dz": 2.8072,
            "I": 28072000.0,
            "rc": 1.4594837991564003
        },
        "Coil7": {
            "r": 2.9,
            "z": -4.97125,
            "dr": 0.8,
            "dz": 2.8071,
            "I": 17095493.76,
            "rc": 1.4594357137263705
        },
        "Coil8": {
            "r": 2.9,
            "z": -0.610525,
            "dr": 0.8,
            "dz": 5.71435,
            "I": 12697914.84,
            "rc": 2.8850388178714335
        },
        "Coil9": {
            "r": 2.9,
            "z": 3.750275,
            "dr": 0.8,
            "dz": 2.80725,
            "I": 18595690.92,
            "rc": 1.4595078419196656
        },
        "Coil10": {
            "r": 2.9,
            "z": 6.65745,
            "dr": 0.8,
            "dz": 2.8071,
            "I": 15734149.92,
            "rc": 1.4594357137263705
        }
    },
    "nTF": 18,
    "color": [
        [
            0.4,
            0.7607843137254902,
            0.6470588235294118
        ],
        [
            0.9882352941176471,
            0.5529411764705883,
            0.3843137254901961
        ],
        [
            0.5529411764705883,
            0.6274509803921569,
            0.796078431372549
        ],
        [
            0.9058823529411765,
            0.5411764705882353,
            0.7647058823529411
        ],
        [
            0.6509803921568628,
            0.8470588235294118,
            0.32941176470588235
        ],
        [
            1.0,
            0.8509803921568627,
            0.1843137254901961
        ],
        [
            0.8980392156862745,
            0.7686274509803922,
            0.5803921568627451
        ],
        [
            0.7019607843137254,
            0.7019607843137254,
            0.7019607843137254
        ],
        [
            0.4,
            0.7607843137254902,
            0.6470588235294118
        ],
        [
            0.9882352941176471,
            0.5529411764705883,
            0.3843137254901961
        ],
        [
            0.5529411764705883,
            0.6274509803921569,
            0.796078431372549
        ],
        [
            0.9058823529411765,
            0.5411764705882353,
            0.7647058823529411
        ]
    ],
    "PFsupport": {
        "Coil0": [
            [
                6.3360379395,
                -9.6574058125
            ],
            [
                7.8695801745,
                -9.6574058125
            ],
            [
                7.941858247904428,
                -9.326320764165887
            ],
            [
                6.488096563111539,
                -8.960869029258058
            ]
        ],
        "Coil1": [
            [
                13.3539052529,
                -7.4505974839
            ],
            [
                14.4050624671,
                -7.4505974839
            ],
            [
                13.814635316171485,
                -6.427947660323672
            ],
            [
                13.210642432586274,
                -7.202459000281016
            ]
        ],
        "Coil2": [
            [
                16.4298975044,
                -1.9296454084
            ],
            [
                17.6413396356,
                -1.9296454084
            ],
            [
                16.626397408199814,
                -0.1717139037957509
            ],
            [
                16.256808458899997,
                -1.629846387360391
            ]
        ],