{
    "nTF": 16,
    "CSsupport": {
        "dt": 0.1,
        "ynose": 0.6558762409059307,
        "ywp": 0.7573215482695562,
        "rnose": 3.297312527853432,
        "rwp": 3.8073125278534317,
        "ztop": 5.686319943468084,
        "zo": 3.6403828039713346
    },
    "color": [
        [
            0.4000000059604645,
            0.7607843279838562,
            0.6470588445663452
        ],
        [
            0.9813148796558381,
            0.555386416351094,
            0.3874048513524672
        ],
        [
            0.5543252860798557,
            0.6271126712069792,
            0.7959554139305564
        ],
        [
            0.9031141926260556,
            0.541853160717908,
            0.7649519555708941
        ],
        [
            0.6537178214858562,
            0.8470895900445826,
            0.32827375098770734
        ],
        [
            0.9986312957370983,
            0.8509650223395404,
            0.18488274134841617
        ],
        [
            0.8957324168261359,
            0.7678431510925293,
            0.581822400934556
        ],
        [
            0.7019608020782471,
            0.7019608020782471,
            0.7019608020782471
        ],
        [
            0.4000000059604645,
            0.7607843279838562,
            0.6470588445663452
        ],
        [
            0.9813148796558381,
            0.555386416351094,
            0.3874048513524672
        ],
        [
            0.5543252860798557,
            0.6271126712069792,
            0.7959554139305564
        ],
        [
            0.9031141926260556,
            0.541853160717908,
            0.7649519555708941
        ]
    ],
    "PFsupport": {
        "Coil0": [
            [
                5.0772786850000005,
                -9.414442470000001
            ],
            [
                6.743730945,
                -9.414442470000001
            ],
            [
                6.8597542002656064,
                -9.118217681633553
            ],
            [
                5.4477413553056016,
                -8.46859565801629
            ]
        ],
        "Coil1": [
            [
                15.573016848,
                -4.923453044
            ],
            [
                16.935799292,
                -4.923453044
            ],
            [
                16.126837245740912,
                -3.52228967848438
            ],
            [
                15.420791819664862,
                -4.6597915607399285
            ]
        ],
        "Coil3": [
            [
                8.18216778545,
                8.484853371449999
            ],
            [
                9.15434589055,
                8.484853371449999
            ],
            [
                9.150849209789763,
                8.111503792980042
            ],
            [
                8.17875398987704,
                8.120353657137736
            ]
        ],
        "Coil2": [
            [
                15.426833083700002,
                5.6709318727
            ],
            [
                16.628843136300002,
                5.6709318727
            ],
            [
                15.996760604194495,
                4.576132812516477
            ],
            [
                15.281856412106604,
                5.419824911588006
            ]
        ]
    },
    "Gsupport": {
        "zbase": -7.991776170694293,
        "base": [
            [
                12.62507081698137,
                -7.991776170694294
            ],
            [
                13.37507081698137,
                -7.991776170694294
            ],
            [
                13.37507081698137,
                -7.082405576383397
            ],
            [
                12.62507081698137,
                -7.793518836215041
            ]
        ],
        "zfloor": -11.88089473,
        "width": 0.75,
        "radius": 13
    },
    "section": {
        "case": {
            "external": 0.225,
            "outboard": 0.19,
            "inboard": 0.04,
            "side": 0.1,
            "nose": 0.51
        },
        "winding_pack": {
            "depth": 1.422879892300363,
            "width": 0.6186874721206611
        }
    },
    "OISsupport": {
        "OIS1": [
            [
                16.142254186355814,
                3.5904931497654675
            ],
            [
                14.581614218168275,
                5.526972342644978
            ],
            [
                14.69840672388982,
                5.6210973159904345
            ],
            [
                16.259046692077362,
                3.684618123110924
            ]
        ],
        "OIS0": [
            [
                14.142526195931787,
                -5.726097886078104
            ],
            [
                16.469538413430136,
                -1.9028878158012155
            ],
            [
                16.597670565352168,
                -1.980875966464181
            ],
            [
                14.270658347853818,
                -5.8040860367410705
            ]
        ]
    },
    "p": [
        {
            "p3": {
                "l": 2.195283020976959,
                "t": -3.141592653589793,
                "r": 8.605038355550889,
                "z": 7.2443783130903325
            },
            "p0": {
                "l": 2.195283020976959,
                "t": 1.5707963267948966,
                "r": 4.465999999974093,
                "z": 3.6403828039713346
            },
            "p1": {
                "r": 4.465999999974093,
                "z": 5.835665824948293
            },
            "p2": {
                "r": 6.40975533457393,
                "z": 7.2443783130903325
            }
        },
        {
            "p3": {
                "l": 10.704372416721103,
                "t": -5.48160101364509,
                "r": 12.971542935831746,
                "z": -6.231368017561866
            },
            "p0": {
                "l": 5.666210041037694,
                "t": 0.0,
                "r": 8.605038355550889,
                "z": 7.2443783130903325
            },
            "p1": {
                "r": 14.271248396588582,
                "z": 7.2443783130903325
            },
            "p2": {
                "r": 20.417176116244097,
                "z": 1.4592844501161677
            }
        },
        {
            "p3": {
                "l": 1.9520489019127565,
                "t": -6.283185307179586,
                "r": 8.59823501845419,
                "z": -8.464834465538576
            },
            "p0": {
                "l": 1.9520489019127565,
                "t": -2.340008360055297,
                "r": 12.949115639971954,
                "z": -6.254533346025969
            },
            "p1": {
                "r": 11.591330287589646,
                "z": -7.657000405287914
            },
            "p2": {
                "r": 10.550283920366947,
                "z": -8.464834465538576
            }
        },
        {
            "p3": {
                "l": 2.193031116710314,
                "t": -1.5707963267948966,
                "r": 4.465999999974093,
                "z": -4.861600779678079
            },
            "p0": {
                "l": 2.193031116710314,
                "t": -3.141592653589793,
                "r": 8.59823501845419,
                "z": -8.464834465538576
            },
            "p1": {
                "r": 6.405203901743876,
                "z": -8.464834465538576
            },
            "p2": {
                "r": 4.465999999974093,
                "z": -7.0546318963883925
            }
        }
    ],
    "pf": {
        "Coil0": {
            "rc": 0.9662276592136834,
            "dz": 1.36645226,
            "r": 5.910504815,
            "z": -10.1976686,
            "I": 14389342.36,
            "dr": 1.36645226
        },
        "Coil1": {
            "rc": 0.7515006730784122,