{
    "PFsupport": {
        "Coil0": [
            [
                5.0772786850000005,
                -9.414442470000001
            ],
            [
                6.743730945,
                -9.414442470000001
            ],
            [
                6.859754200104541,
                -9.118217682047556
            ],
            [
                5.447741355308023,
                -8.468595658018973
            ]
        ],
        "Coil2": [
            [
                15.426833083700002,
                5.6709318727
            ],
            [
                16.628843136300002,
                5.6709318727
            ],
            [
                15.996760604221228,
                4.576132812562777
            ],
            [
                15.281856412108086,
                5.419824911590573
            ]
        ],
        "Coil1": [
            [
                15.573016848,
                -4.923453044
            ],
            [
                16.935799292,
                -4.923453044
            ],
            [
                16.126837245746255,
                -3.5222896784936344
            ],
            [
                15.420791819743796,
                -4.659791560876647
            ]
        ],
        "Coil3": [
            [
                8.18216778545,
                8.484853371449999
            ],
            [
                9.15434589055,
                8.484853371449999
            ],
            [
                9.150849209789131,
                8.111503792978736
            ],
            [
                8.17875398987648,
                8.120353657142394
            ]
        ]
    },
    "p": [
        {
            "p3": {
                "l": 2.195283020976959,
                "r": 8.605038355550889,
                "z": 7.2443783130903325,
                "t": -3.141592653589793
            },
            "p1": {
                "r": 4.465999999974093,
                "z": 5.835665824948293
            },
            "p2": {
                "r": 6.40975533457393,
                "z": 7.2443783130903325
            },
            "p0": {
                "l": 2.195283020976959,
                "r": 4.465999999974093,
                "z": 3.6403828039713346,
                "t": 1.5707963267948966
            }
        },
        {
            "p3": {
                "l": 10.704372416721103,
                "r": 12.971542935831746,
                "z": -6.231368017561866,
                "t": -5.48160101364509
            },
            "p1": {
                "r": 14.271248396588582,
                "z": 7.2443783130903325
            },
            "p2": {
                "r": 20.417176116244097,
                "z": 1.4592844501161677
            },
            "p0": {
                "l": 5.666210041037694,
                "r": 8.605038355550889,
                "z": 7.2443783130903325,
                "t": 0.0
            }
        },
        {
            "p3": {
                "l": 1.9520489019127565,
                "r": 8.59823501845419,
                "z": -8.464834465538576,
                "t": -6.283185307179586
            },
            "p1": {
                "r": 11.591330287589646,
                "z": -7.657000405287914
            },
            "p2": {
                "r": 10.550283920366947,
                "z": -8.464834465538576
            },
            "p0": {
                "l": 1.9520489019127565,
                "r": 12.949115639971954,
                "z": -6.254533346025969,
                "t": -2.340008360055297
            }
        },
        {
            "p3": {
                "l": 2.193031116710314,
                "r": 4.465999999974093,
                "z": -4.861600779678079,
                "t": -1.5707963267948966
            },
            "p1": {
                "r": 6.405203901743876,
                "z": -8.464834465538576
            },
            "p2": {
                "r": 4.465999999974093,
                "z": -7.0546318963883925
            },
            "p0": {
                "l": 2.193031116710314,
                "r": 8.59823501845419,
                "z": -8.464834465538576,
                "t": -3.141592653589793
            }
        }
    ],
    "Gsupport": {
        "radius": 13,
        "zfloor": -11.88089473,
        "zbase": -7.991776170694287,
        "base": [
            [
                12.62507081698137,
                -7.991776170694287
            ],
            [
                13.37507081698137,
                -7.991776170694287
            ],
            [
                13.37507081698137,
                -7.082405574824921
            ],
            [
                12.62507081698137,
                -7.793518836217289
            ]
        ],
        "width": 0.75
    },
    "section": {
        "case": {
            "external": 0.225,
            "outboard": 0.19,
            "inboard": 0.04,
            "side": 0.1,
            "nose": 0.51
        },
        "winding_pack": {
            "depth": 1.4228798923003627,
            "width": 0.6186874721206612
        }
    },
    "nTF": 16,
    "pf": {
        "Coil0": {
            "r": 5.910504815,
            "dr": 1.36645226,
            "z": -10.1976686,
            "dz": 1.36645226,
            "rc": 0.9662276592136834,
            "I": 14389342.36
        },
        "Coil1": {
            "r": 16.25440807,
            "dr": 1.062782444,
            "z": -5.554844266,
            "dz": 1.062782444,
            "rc": 0.7515006730784122,
            "I": -12801453.77
        },
        "Coil2": {
            "r": 16.02783811,
            "dr": 0.9020100526,
            "z": 6.221936899,
            "dz": 0.9020100526,
            "rc": 0.6378174248918944,
            "I": -9579143.685
        },
        "Coil3": {
            "r": 8.668256838,
            "dr": 0.6721781051,
            "z": 8.920942424,
            "dz": 0.6721781051,
            "rc": 0.47530169628133384,
            "I": 258880.4321
        },
        "Coil4": {
            "r": 2.9,
            "dr": 0.818,
            "z": -5.980432892,
            "dz": 4.501486199,
            "rc": 2.287602565994991,
            "I": -12610623.23
        },
        "Coil5": {
            "r": 2.9,
            "dr": 0.818,
            "z": 0.02667475725,
            "dz": 7.312729099,
            "rc": 3.6791687537866946,
            "I": -41068225.82
        },
        "Coil6": {
            "r": 2.9,
            "dr": 0.818,
            "z": 5.133297606,
            "dz": 2.700516598,
            "rc": 1.4108431783931104,
            "I": 2789296.761
        }
    },
    "OISsupport": {
        "OIS1": [
            [
                16.142254186355835,
                3.5904931497654307
            ],
            [
                14.581614218168303,
                5.526972342644943
            ],
            [
                14.698406723889848,
                5.6210973159904
            ],
            [
                16.259046692077384,
                3.684618123110887
            ]
        ],
        "OIS0": [
            [
                14.142526195931776,
                -5.726097886078118
            ],
            [
                16.469538413430122,
                -1.9028878158012428
            ],
            [
                16.597670565352153,
                -1.9808759664642088
            ],
            [
                14.270658347853807,
                -5.804086036741084
            ]
        ]
    },