{
    "PFsupport": {
        "Coil0": [
            [
                6.4032923275,
                -9.666593392500001
            ],
            [
                7.9176297825,
                -9.666593392500001
            ],
            [
                7.986613013715501,
                -9.336027250025442
            ],
            [
                6.544407840296024,
                -8.990370926744895
            ]
        ],
        "Coil1": [
            [
                13.3594313819,
                -7.4512771299
            ],
            [
                14.5084353981,
                -7.4512771299
            ],
            [
                13.876963675275405,
                -6.357536022424753
            ],
            [
                13.217022584058913,
                -7.204617856594432
            ]
        ],
        "Coil4": [
            [
                13.50682966375,
                6.590527047749999
            ],
            [
                14.681563356249999,
                6.590527047749999
            ],
            [
                14.155244893156224,
                5.678916728710017
            ],
            [
                13.3666814251291,
                6.347783177867312
            ]
        ],
        "Coil2": [
            [
                16.35498027885,
                -1.95073076985
            ],
            [
                17.478157001150002,
                -1.95073076985
            ],
            [
                16.580186565968496,
                -0.39540035242089866
            ],
            [
                16.18288870795375,
                -1.6526594255033549
            ]
        ],
        "Coil5": [
            [
                5.0148064706,
                7.9422008626
            ],
            [
                6.1961194414000005,
                7.9422008626
            ],
            [
                6.3326208888934055,
                7.680413216194786
            ],
            [
                5.4269113319778475,
                7.151850549740017
            ]
        ],
        "Coil3": [
            [
                16.698021094650002,
                2.20553786865
            ],
            [
                17.33895266535,
                2.20553786865
            ],
            [
                16.644542718135934,
                1.002784558794018
            ],
            [
                16.502020996933492,
                1.8660557411165406
            ]
        ]
    },
    "p": [
        {
            "p2": {
                "r": 5.950627972250108,
                "z": 7.251012356726896
            },
            "p0": {
                "l": 1.2132251621449524,
                "r": 4.466000000165039,
                "t": 1.5707963267948966,
                "z": 3.805995685838929
            },
            "p1": {
                "r": 4.466000000165039,
                "z": 5.019220847983881
            },
            "p3": {
                "l": 2.6634716100681795,
                "r": 8.614099582318287,
                "t": -3.141592653589793,
                "z": 7.251012356726896
            }
        },
        {
            "p2": {
                "r": 17.04507887055182,
                "z": 2.8363195436695317
            },
            "p0": {
                "l": 3.6775209968791285,
                "r": 8.614099582318287,
                "t": 0.0,
                "z": 7.251012356726896
            },
            "p1": {
                "r": 12.291620579197415,
                "z": 7.251012356726896
            },
            "p3": {
                "l": 4.210138787358645,
                "r": 15.4609750673009,
                "t": -5.098144542670804,
                "z": -1.0644347102341523
            }
        },
        {
            "p2": {
                "r": 12.08824418211413,
                "z": -8.465866986079815
            },
            "p0": {
                "l": 3.7930674133199465,
                "r": 15.085619584751335,
                "t": -1.9565518890810103,
                "z": -1.9887235682474338
            },
            "p1": {
                "r": 13.658442757833253,
                "z": -5.503055184173526
            },
            "p3": {
                "l": 3.5364762338014555,
                "r": 8.551767948312675,
                "t": -6.283185307179586,
                "z": -8.465866986079815
            }
        },
        {
            "p2": {
                "r": 4.466000000165039,
                "z": -6.229115279888179
            },
            "p0": {
                "l": 2.580906123112159,
                "r": 8.551767948312675,
                "t": -3.141592653589793,
                "z": -8.465866986079815
            },
            "p1": {
                "r": 5.970861825200515,
                "z": -8.465866986079815
            },
            "p3": {
                "l": 1.2014870539593674,
                "r": 4.466000000165039,
                "t": -1.5707963267948966,
                "z": -5.027628225928811
            }
        }
    ],
    "pf": {
        "Coil0": {
            "rc": 0.8586662490793139,
            "r": 7.160461055,
            "I": 18308583.41,
            "dz": 1.214337455,
            "z": -10.37376212,
            "dr": 1.214337455
        },
        "Coil1": {
            "rc": 0.6003364971096334,
            "r": 13.93393339,
            "I": -7103477.106,
            "dz": 0.8490040162,
            "z": -7.975779138,
            "dr": 0.8490040162
        },
        "Coil2": {
            "rc": 0.5820738424532456,
            "r": 16.91656864,
            "I": -7154793.046,
            "dz": 0.8231767223,
            "z": -2.462319131,
            "dr": 0.8231767223
        },
        "Coil3": {
            "rc": 0.24107502556255087,
            "r": 17.01848688,
            "I": -1444087.834,
            "dz": 0.3409315707,
            "z": 2.476003654,
            "dr": 0.3409315707
        },
        "Coil4": {
            "rc": 0.6185301256990983,
            "r": 14.09419651,
            "I": -5535836.812,
            "dz": 0.8747336925,
            "z": 7.127893894,
            "dr": 0.8747336925
        },
        "Coil5": {
            "rc": 0.6231823780003417,
            "r": 5.605462956,
            "I": 9699699.631,
            "dz": 0.8813129708,
            "z": 8.482857348,
            "dr": 0.8813129708
        },
        "Coil6": {
            "rc": 1.4594837991564003,
            "r": 2.9,
            "I": 14553451.03,
            "dz": 2.8072,
            "z": -7.8784,
            "dr": 0.8
        },
        "Coil7": {
            "rc": 1.4594357137263705,
            "r": 2.9,
            "I": 10525419.58,
            "dz": 2.8071,
            "z": -4.97125,
            "dr": 0.8
        },
        "Coil8": {
            "rc": 2.8850388178714335,
            "r": 2.9,
            "I": -2975381.944,
            "dz": 5.71435,
            "z": -0.610525,
            "dr": 0.8
        },
        "Coil9": {
            "rc": 1.4595078419196656,
            "r": 2.9,
            "I": 9715487.868,
            "dz": 2.80725,
            "z": 3.750275,
            "dr": 0.8
        },
        "Coil10": {
            "rc": 1.4594357137263705,
            "r": 2.9,
            "I": 15476666.36,
            "dz": 2.8071,
            "z": 6.65745,
            "dr": 0.8
        }
    },