{
    "section": {
        "case": {
            "nose": 0.51,
            "side": 0.1,
            "outboard": 0.19,
            "external": 0.225,
            "inboard": 0.04
        },
        "winding_pack": {
            "width": 0.5982938813916125,
            "depth": 1.7965872634751574
        }
    },
    "OISsupport": {
        "OIS0": [
            [
                15.56086398233556,
                -5.612256128049223
            ],
            [
                18.080266534277275,
                -1.912073868145664
            ],
            [
                18.20425440232498,
                -1.9964954801711625
            ],
            [
                15.68485185038327,
                -5.696677740074723
            ]
        ],
        "OIS1": [
            [
                17.66001141064054,
                4.381211057451087
            ],
            [
                14.899187853803937,
                6.865868193428463
            ],
            [
                14.999530687858734,
                6.977364003456696
            ],
            [
                17.760354244695332,
                4.49270686747932
            ]
        ]
    },
    "PFsupport": {
        "Coil4": [
            [
                14.016120709499999,
                7.985440951499999
            ],
            [
                15.3388782105,
                7.985440951499999
            ],
            [
                14.995024791356073,
                7.198914521988177
            ],
            [
                13.896411363708344,
                7.711619145222434
            ]
        ],
        "Coil5": [
            [
                4.6626780345,
                7.9960159995
            ],
            [
                6.2891485355,
                7.9960159995
            ],
            [
                6.430187949638746,
                7.741299071082334
            ],
            [
                5.225453244432007,
                6.979644981945504
            ]
        ],
        "Coil1": [
            [
                13.80619660455,
                -7.79408364755
            ],
            [
                14.77629777545,
                -7.79408364755
            ],
            [
                14.372969563696156,
                -7.0954986926664425
            ],
            [
                13.66408313488162,
                -7.54793589764447
            ]
        ],
        "Coil3": [
            [
                19.02041160305,
                2.93364025405
            ],
            [
                19.96839341695,
                2.93364025405
            ],
            [
                19.032297838438407,
                1.3122751513273365
            ],
            [
                18.82960180189377,
                2.6031479838652922
            ]
        ],
        "Coil2": [
            [
                18.2919185005,
                -2.9119807205
            ],
            [
                19.718993579499998,
                -2.9119807205
            ],
            [
                18.717661574291153,
                -1.1776228122334598
            ],
            [
                18.13233214384282,
                -2.635569042574955
            ]
        ],
        "Coil0": [
            [
                6.287278468,
                -9.63199946
            ],
            [
                7.853637308,
                -9.63199946
            ],
            [
                7.926752571541826,
                -9.311603239139107
            ],
            [
                6.449130740698782,
                -8.922751431634879
            ]
        ]
    },
    "color": [
        [
            0.4000000059604645,
            0.7607843279838562,
            0.6470588445663452
        ],
        [
            0.9813148796558381,
            0.555386416351094,
            0.3874048513524672
        ],
        [
            0.5543252860798557,
            0.6271126712069792,
            0.7959554139305564
        ],
        [
            0.9031141926260556,
            0.541853160717908,
            0.7649519555708941
        ],
        [
            0.6537178214858562,
            0.8470895900445826,
            0.32827375098770734
        ],
        [
            0.9986312957370983,
            0.8509650223395404,
            0.18488274134841617
        ],
        [
            0.8957324168261359,
            0.7678431510925293,
            0.581822400934556
        ],
        [
            0.7019608020782471,
            0.7019608020782471,
            0.7019608020782471
        ],
        [
            0.4000000059604645,
            0.7607843279838562,
            0.6470588445663452
        ],
        [
            0.9813148796558381,
            0.555386416351094,
            0.3874048513524672
        ],
        [
            0.5543252860798557,
            0.6271126712069792,
            0.7959554139305564
        ],
        [
            0.9031141926260556,
            0.541853160717908,
            0.7649519555708941
        ]
    ],
    "p": [
        {
            "p0": {
                "r": 4.4708505763827615,
                "t": 1.5707963267948966,
                "l": 1.4931784406531938,
                "z": 3.8077300907461042
            },
            "p2": {
                "r": 6.344200706804193,
                "z": 7.600729503884047
            },
            "p1": {
                "r": 4.4708505763827615,
                "z": 5.300908531399298
            },
            "p3": {
                "r": 9.916424790929632,
                "t": -3.141592653589793,
                "l": 3.572224084125439,
                "z": 7.600729503884047
            }
        },
        {
            "p0": {
                "r": 9.916424790929632,
                "t": 0.0,
                "l": 6.32321398763307,
                "z": 7.600729503884047
            },
            "p2": {
                "r": 22.077134803909324,
                "z": 1.6185621837380948
            },
            "p1": {
                "r": 16.239638778562703,
                "z": 7.600729503884047
            },
            "p3": {
                "r": 14.819792950702233,
                "t": -5.497787143781358,
                "l": 10.263431275591365,
                "z": -5.638779669480318
            }
        },
        {
            "p0": {
                "r": 14.819792949105615,
                "t": -2.356194490191565,
                "l": 1.5265281482900925,
                "z": -5.638779671076938
            },
            "p2": {
                "r": 10.44463176341864,
                "z": -8.482396462835663
            },
            "p1": {
                "r": 13.740374543778389,
                "z": -6.718198076405848
            },
            "p3": {
                "r": 8.659904357071158,
                "t": -6.283185307179586,
                "l": 1.7847274063474825,
                "z": -8.482396462835663
            }
        },
        {
            "p0": {
                "r": 8.659904357071158,
                "t": -3.141592653589793,
                "l": 2.7047857377832605,
                "z": -8.482396462835663
            },
            "p2": {
                "r": 4.4708505763827615,
                "z": -6.252403844493989
            },
            "p1": {
                "r": 5.955118619287897,
                "z": -8.482396462835663
            },
            "p3": {
                "r": 4.4708505763827615,
                "t": -1.5707963267948966,
                "l": 1.2212131282698877,
                "z": -5.031190716224101
            }
        }
    ],
    "CSsupport": {
        "ywp": 0.9446403841303167,
        "rnose": 3.3225566949911487,
        "rwp": 3.832556694991149,
        "dt": 0.1,
        "ztop": 5.592766983367141,
        "ynose": 0.8189366739840082,
        "zo": 3.8077300907461042
    },
    "Gsupport": {
        "radius": 13,
        "zbase": -8.288460151409211,