{
    "PFsupport": {
        "Coil3": [
            [
                3.207343952,
                7.429140484
            ],
            [
                5.05653729,
                7.429140484
            ],
            [
                5.244518585413026,
                7.1035473294720255
            ],
            [
                4.097581457854211,
                5.887203893057111
            ]
        ],
        "Coil1": [
            [
                16.6534772775,
                -5.6697448564999995
            ],
            [
                18.0755419625,
                -5.6697448564999995
            ],
            [
                17.23886473215955,
                -4.220577384014331
            ],
            [
                16.384635186988664,
                -5.2040966965213356
            ]
        ],
        "Coil0": [
            [
                4.8845521204999995,
                -8.9112341065
            ],
            [
                6.6571731835,
                -8.9112341065
            ],
            [
                6.6571731835,
                -8.9112341065
            ],
            [
                5.17397085155996,
                -8.261188330969492
            ]
        ],
        "Coil2": [
            [
                15.912796970499999,
                7.2041099405
            ],
            [
                17.2493302095,
                7.2041099405
            ],
            [
                16.56524920952076,
                6.019246892043437
            ],
            [
                15.671833651752427,
                6.786749229668792
            ]
        ]
    },
    "p": [
        {
            "p0": {
                "r": 4.46599999915458,
                "t": 1.5707963267948966,
                "z": 3.63023952744488,
                "l": 2.9299716428289027
            },
            "p1": {
                "r": 4.46599999915458,
                "z": 6.560211170273783
            },
            "p3": {
                "r": 10.592615566529224,
                "t": -3.141592653589793,
                "z": 7.645107908006941,
                "l": 2.9299716428289027
            },
            "p2": {
                "r": 7.662643923700321,
                "z": 7.645107908006941
            }
        },
        {
            "p0": {
                "r": 10.592615566529224,
                "t": 0.0,
                "z": 7.645107908006941,
                "l": 5.672099150883733
            },
            "p1": {
                "r": 16.264714717412957,
                "z": 7.645107908006941
            },
            "p3": {
                "r": 15.675125216978147,
                "t": -5.4977861818406035,
                "z": -4.685527218221552,
                "l": 7.816687916066959
            },
            "p2": {
                "r": 21.202352931970452,
                "z": 0.8417111305208049
            }
        },
        {
            "p0": {
                "r": 15.675125216978147,
                "t": -2.3561935282508104,
                "z": -4.685527218221552,
                "l": 3.2121186638492136
            },
            "p1": {
                "r": 13.403816512663829,
                "z": -6.956840292272435
            },
            "p3": {
                "r": 8.589709168225848,
                "t": -6.283185307179586,
                "z": -8.464752516829218,
                "l": 3.2121186638492136
            },
            "p2": {
                "r": 11.801827832075062,
                "z": -8.464752516829218
            }
        },
        {
            "p0": {
                "r": 8.589709168225848,
                "t": -3.141592653589793,
                "z": -8.464752516829218,
                "l": 2.1884401936126583
            },
            "p1": {
                "r": 6.40126897461319,
                "z": -8.464752516829218
            },
            "p3": {
                "r": 4.46599999915458,
                "t": -1.5707963267948966,
                "z": -4.869204826241753,
                "l": 2.1884401936126583
            },
            "p2": {
                "r": 4.46599999915458,
                "z": -7.057645019854411
            }
        }
    ],
    "nTF": 13,
    "OISsupport": {
        "OIS0": [
            [
                15.498727766254913,
                -5.62710602895446
            ],
            [
                18.127408791623868,
                -2.0211982712688976
            ],
            [
                18.248619949325057,
                -2.109560340329875
            ],
            [
                15.619938923956102,
                -5.715468098015437
            ]
        ],
        "OIS1": [
            [
                17.54711202968554,
                4.12449738407004
            ],
            [
                15.95374703763139,
                6.0382606392343305
            ],
            [
                16.0690228090308,
                6.134237180786272
            ],
            [
                17.66238780108495,
                4.220473925621981
            ]
        ]
    },
    "color": [
        [
            0.4000000059604645,
            0.7607843279838562,
            0.6470588445663452
        ],
        [
            0.9813148796558381,
            0.555386416351094,
            0.3874048513524672
        ],
        [
            0.5543252860798557,
            0.6271126712069792,
            0.7959554139305564
        ],
        [
            0.9031141926260556,
            0.541853160717908,
            0.7649519555708941
        ],
        [
            0.6537178214858562,
            0.8470895900445826,
            0.32827375098770734
        ],
        [
            0.9986312957370983,
            0.8509650223395404,
            0.18488274134841617
        ],
        [
            0.8957324168261359,
            0.7678431510925293,
            0.581822400934556
        ],
        [
            0.7019608020782471,
            0.7019608020782471,
            0.7019608020782471
        ],
        [
            0.4000000059604645,
            0.7607843279838562,
            0.6470588445663452
        ],
        [
            0.9813148796558381,
            0.555386416351094,
            0.3874048513524672
        ],
        [
            0.5543252860798557,
            0.6271126712069792,
            0.7959554139305564
        ],
        [
            0.9031141926260556,
            0.541853160717908,
            0.7649519555708941
        ]
    ],
    "pf": {
        "Coil0": {
            "r": 5.770862652,
            "dr": 1.472621063,
            "I": 17099583.99,
            "dz": 1.472621063,
            "z": -9.747544638,
            "rc": 1.0413003397654421
        },
        "Coil1": {
            "r": 17.36450962,
            "dr": 1.122064685,
            "I": -14802310.03,
            "dz": 1.122064685,
            "z": -6.330777199,
            "rc": 0.7934195476934474
        },
        "Coil2": {
            "r": 16.58106359,
            "dr": 1.036533239,
            "I": -11574714.79,
            "dz": 1.036533239,
            "z": 7.82237656,
            "rc": 0.7329396822221563
        },
        "Coil3": {
            "r": 4.131940621,
            "dr": 1.549193338,
            "I": 13383435.22,
            "dz": 1.549193338,
            "z": 8.303737153,
            "rc": 1.095445114668823
        },
        "Coil4": {
            "r": 2.9,
            "dr": 0.818,
            "I": -67866216.85,
            "dz": 14.71027692,
            "z": -0.7822391019,
            "rc": 7.36650139250453
        }
    },
    "Gsupport": {
        "zbase": -8.521231394330055,
        "radius": 13,
        "zfloor": -11.4838551695,