{
    "PFsupport": {
        "Coil1": [
            [
                15.511809866000002,
                -3.603089467
            ],
            [
                16.860809254000003,
                -3.603089467
            ],
            [
                15.974928696238488,
                -2.0686993315196007
            ],
            [
                15.339018748931183,
                -3.303806473140225
            ]
        ],
        "Coil0": [
            [
                4.668229974,
                -8.295570796000002
            ],
            [
                6.302357536,
                -8.295570796000002
            ],
            [
                6.387808437919452,
                -8.116548042583528
            ],
            [
                5.097388645382672,
                -7.396467740588116
            ]
        ],
        "Coil3": [
            [
                3.8566273575000003,
                7.2560184995000006
            ],
            [
                5.5170034365000005,
                7.2560184995000006
            ],
            [
                5.620248278097644,
                7.065597045597506
            ],
            [
                4.391353715164461,
                6.269786462230096
            ]
        ],
        "Coil2": [
            [
                13.228229315750001,
                6.49643806975
            ],
            [
                14.43480100425,
                6.49643806975
            ],
            [
                13.956480002286046,
                5.667961792021181
            ],
            [
                13.071444259820181,
                6.224878387012023
            ]
        ]
    },
    "OISsupport": {
        "OIS1": [
            [
                15.488123074933336,
                3.526408932595578
            ],
            [
                13.753240277081371,
                5.306784729821549
            ],
            [
                13.86066996005118,
                5.4114693190264855
            ],
            [
                15.595552757903144,
                3.6310935218005143
            ]
        ],
        "OIS0": [
            [
                13.529339492679078,
                -5.1097355755772655
            ],
            [
                15.88843062878001,
                -1.314597363905131
            ],
            [
                16.01582416253746,
                -1.3937862997281973
            ],
            [
                13.656733026436527,
                -5.188924511400333
            ]
        ]
    },
    "pf": {
        "Coil0": {
            "z": -9.062634577,
            "rc": 0.9433706460580761,
            "dr": 1.334127562,
            "dz": 1.334127562,
            "r": 5.485293755,
            "I": 11544478.58
        },
        "Coil1": {
            "z": -4.227589161,
            "rc": 0.7417545807153382,
            "dr": 1.048999388,
            "dz": 1.048999388,
            "r": 16.18630956,
            "I": -12621764.52
        },
        "Coil2": {
            "z": 7.049723914,
            "rc": 0.6410429885700885,
            "dr": 0.9065716885,
            "dz": 0.9065716885,
            "r": 13.83151516,
            "I": -8833194.936
        },
        "Coil3": {
            "z": 8.036206539,
            "rc": 0.9619311504248664,
            "dr": 1.360376079,
            "dz": 1.360376079,
            "r": 4.686815397,
            "I": 10513916.85
        },
        "Coil4": {
            "z": -0.4473050994,
            "rc": 6.886615070570843,
            "dr": 0.818,
            "dz": 13.74891794,
            "r": 2.9,
            "I": -64255112.12
        }
    },
    "nTF": 18,
    "CSsupport": {
        "ynose": 0.5671484716929687,
        "rnose": 3.2164588165363024,
        "dt": 0.1,
        "ywp": 0.6570752318542857,
        "zo": 4.247890434367248,
        "ztop": 5.746988167773598,
        "rwp": 3.726458816536302
    },
    "Gsupport": {
        "width": 0.75,
        "zfloor": -10.729698358,
        "base": [
            [
                12.625001569351383,
                -6.6296542493621695
            ],
            [
                13.375001569351383,
                -6.6296542493621695
            ],
            [
                13.375001569351383,
                -5.772718883642753
            ],
            [
                12.625001569351383,
                -6.437715622006095
            ]
        ],
        "zbase": -6.6296542493621695,
        "radius": 13
    },
    "p": [
        {
            "p0": {
                "l": 1.3719590010575575,
                "z": 4.247890434367248,
                "r": 4.40640740235731,
                "t": 1.5707963267948966
            },
            "p2": {
                "z": 6.672502149860758,
                "r": 6.490107517602855
            },
            "p1": {
                "z": 5.619849435424806,
                "r": 4.40640740235731
            },
            "p3": {
                "l": 1.371959001056963,
                "z": 6.672502149860758,
                "r": 7.862066518659818,
                "t": -3.141592653589793
            }
        },
        {
            "p0": {
                "l": 3.716159590721669,
                "z": 6.672502149860758,
                "r": 7.862066518659818,
                "t": 0.0
            },
            "p2": {
                "z": 4.3386274616378255,
                "r": 15.724527026518556
            },
            "p1": {
                "z": 6.672502149860758,
                "r": 11.578226109381486
            },
            "p3": {
                "l": 3.2792337258801463,
                "z": 1.0596132865976124,
                "r": 15.762472630152448,
                "t": -4.700817237205736
            }
        },
        {
            "p0": {
                "l": 3.7911962965727777,
                "z": 1.0596132865601735,
                "r": 15.762472630152882,
                "t": -1.5592245836159428
            },
            "p2": {
                "z": -7.476619508102618,
                "r": 11.603192669264924
            },
            "p1": {
                "z": -2.7313291823196595,
                "r": 15.806342400957162
            },
            "p3": {
                "l": 3.7911962965730313,
                "z": -7.476619508102619,
                "r": 7.811996372691894,
                "t": -6.283185307179586
            }
        },
        {
            "p0": {
                "l": 1.482281401253058,
                "z": -7.476619508102619,
                "r": 7.811996372691894,
                "t": -3.141592653589793
            },
            "p2": {
                "z": -5.925180245399101,
                "r": 4.40640740235731
            },
            "p1": {
                "z": -7.476619508102619,
                "r": 6.329714971438836
            },
            "p3": {
                "l": 1.4822814012530585,
                "z": -4.442898844146042,
                "r": 4.40640740235731,
                "t": -1.5707963267948966
            }
        }
    ],
    "section": {
        "case": {
            "side": 0.1,
            "nose": 0.51,
            "inboard": 0.04,
            "external": 0.225,
            "outboard": 0.19
        },
        "winding_pack": {
            "width": 0.6399485858210076,
            "depth": 1.2227620686388543
        }
    },