{
    "color": [
        [
            0.4000000059604645,
            0.7607843279838562,
            0.6470588445663452
        ],
        [
            0.9813148796558381,
            0.555386416351094,
            0.3874048513524672
        ],
        [
            0.5543252860798557,
            0.6271126712069792,
            0.7959554139305564
        ],
        [
            0.9031141926260556,
            0.541853160717908,
            0.7649519555708941
        ],
        [
            0.6537178214858562,
            0.8470895900445826,
            0.32827375098770734
        ],
        [
            0.9986312957370983,
            0.8509650223395404,
            0.18488274134841617
        ],
        [
            0.8957324168261359,
            0.7678431510925293,
            0.581822400934556
        ],
        [
            0.7019608020782471,
            0.7019608020782471,
            0.7019608020782471
        ],
        [
            0.4000000059604645,
            0.7607843279838562,
            0.6470588445663452
        ],
        [
            0.9813148796558381,
            0.555386416351094,
            0.3874048513524672
        ],
        [
            0.5543252860798557,
            0.6271126712069792,
            0.7959554139305564
        ],
        [
            0.9031141926260556,
            0.541853160717908,
            0.7649519555708941
        ]
    ],
    "pf": {
        "Coil0": {
            "dz": 1.260107467,
            "dr": 1.260107467,
            "rc": 0.8910305349395037,
            "r": 6.454666656,
            "z": -10.28356076,
            "I": 12205611.72
        },
        "Coil1": {
            "dz": 1.169236295,
            "dr": 1.169236295,
            "rc": 0.8267749130039345,
            "r": 18.02776849,
            "z": -5.417475414,
            "I": -15920386.82
        },
        "Coil2": {
            "dz": 0.9561986006,
            "dr": 0.9561986006,
            "rc": 0.6761345146453471,
            "r": 15.19720032,
            "z": 8.43461923,
            "I": -9628241.29
        },
        "Coil3": {
            "dz": 2.02558721,
            "dr": 0.818,
            "rc": 1.0922599902628018,
            "r": 2.9,
            "z": -7.328861504,
            "I": 1158895.112
        },
        "Coil4": {
            "dz": 11.07145706,
            "dr": 0.818,
            "rc": 5.550817179285944,
            "r": 2.9,
            "z": -0.6803393713,
            "I": -56779223.21
        },
        "Coil5": {
            "dz": 5.98437154,
            "dr": 0.818,
            "rc": 3.0200093844540437,
            "r": 2.9,
            "z": 7.947574927,
            "I": 18154187.6
        }
    },
    "PFsupport": {
        "Coil1": [
            [
                17.2931503425,
                -4.7328572665
            ],
            [
                18.7623866375,
                -4.7328572665
            ],
            [
                17.922108614024264,
                -3.2774530373564708
            ],
            [
                17.134186957593265,
                -4.457524607298407
            ]
        ],
        "Coil2": [
            [
                14.5691010197,
                7.856519929699999
            ],
            [
                15.825299620300001,
                7.856519929699999
            ],
            [
                15.412546952955552,
                7.0357307435334
            ],
            [
                14.425766296657761,
                7.571488238851893
            ]
        ],
        "Coil0": [
            [
                5.6746129225,
                -9.5535070265
            ],
            [
                7.2347203895,
                -9.5535070265
            ],
            [
                7.343472099383571,
                -9.232085900890057
            ],
            [
                5.966159924364126,
                -8.691825259770116
            ]
        ]
    },
    "nTF": 13,
    "section": {
        "winding_pack": {
            "depth": 1.7837998444202812,
            "width": 0.6025787561462793
        },
        "case": {
            "side": 0.1,
            "nose": 0.51,
            "external": 0.225,
            "inboard": 0.04,
            "outboard": 0.19
        }
    },
    "p": [
        {
            "p1": {
                "z": 6.069674638041293,
                "r": 4.449195151879768
            },
            "p3": {
                "z": 7.601213842964885,
                "t": -3.141592653589793,
                "r": 10.032399132449077,
                "l": 2.854140036365198
            },
            "p0": {
                "z": 3.376942485745561,
                "t": 1.5707963267948966,
                "r": 4.449195151879768,
                "l": 2.6927321522957315
            },
            "p2": {
                "z": 7.601213842964885,
                "r": 7.178259096083879
            }
        },
        {
            "p1": {
                "z": 7.601213842964885,
                "r": 13.909568414702397
            },
            "p3": {
                "z": 1.8821444231591262,
                "t": -4.515238819908964,
                "r": 17.920691680310515,
                "l": 3.8964490677236094
            },
            "p0": {
                "z": 7.601213842964885,
                "t": 0.0,
                "r": 10.032399132449077,
                "l": 3.8771692822533197
            },
            "p2": {
                "z": 5.703114491270213,
                "r": 17.1574727890589
            }
        },
        {
            "p1": {
                "z": -3.261111859327852,
                "r": 18.948030363254755
            },
            "p3": {
                "z": -8.470549094056661,
                "t": -6.283185307179586,
                "r": 8.367024050956605,
                "l": 4.476264333073746
            },
            "p0": {
                "z": 1.346250341651179,
                "t": -1.3736461663191708,
                "r": 18.027733734926503,
                "l": 4.698375499587351
            },
            "p2": {
                "z": -8.47054909405666,
                "r": 12.843288384030352
            }
        },
        {
            "p1": {
                "z": -8.470549094056661,
                "r": 6.380366360192399
            },
            "p3": {
                "z": -4.712371023330723,
                "t": -1.5707963267948966,
                "r": 4.449195151879768,
                "l": 1.929513079058532
            },
            "p0": {
                "z": -8.470549094056661,
                "t": -3.141592653589793,
                "r": 8.367024050956605,
                "l": 1.986657690764206
            },
            "p2": {
                "z": -6.641884102389255,
                "r": 4.449195151879768
            }
        }
    ],
    "OISsupport": {
        "OIS1": [
            [
                17.589001632457638,
                4.180095293971953
            ],
            [
                16.01409297106488,
                6.104354952533954
            ],
            [
                16.130171356583656,
                6.199359207256328
            ],
            [
                17.705080017976414,
                4.275099548694327
            ]
        ],
        "OIS0": [
            [
                15.533350909263048,
                -5.728239334650402
            ],
            [
                18.13138391682023,
                -2.094676035241082
            ],
            [
                18.253402141265607,
                -2.181920249394211
            ],
            [
                15.655369133708428,
                -5.815483548803531
            ]
        ]
    },
    "CSsupport": {
        "zo": 3.376942485745561,
        "ywp": 0.9382466746028787,
        "dt": 0.1,
        "rnose": 3.2966163957334884,
        "ztop": 5.499805525089894,
        "ynose": 0.81254296445657,
        "rwp": 3.8066163957334886
    },