{
    "OISsupport": {
        "OIS1": [
            [
                15.326621641600855,
                3.611920327118938
            ],
            [
                13.709596557188645,
                5.5084355458206
            ],
            [
                13.823739205455508,
                5.605756950694488
            ],
            [
                15.440764289867719,
                3.7092417319928273
            ]
        ],
        "OIS0": [
            [
                13.775415890668597,
                -5.774818075185345
            ],
            [
                15.749050748188044,
                -1.7369364835374637
            ],
            [
                15.883814203901242,
                -1.8028061351551583
            ],
            [
                13.910179346381796,
                -5.840687726803039
            ]
        ]
    },
    "section": {
        "case": {
            "side": 0.1,
            "inboard": 0.04,
            "nose": 0.51,
            "external": 0.225,
            "outboard": 0.19
        },
        "winding_pack": {
            "width": 0.630063552512034,
            "depth": 1.241945917203422
        }
    },
    "pf": {
        "Coil0": {
            "r": 7.109058572,
            "z": -10.38107669,
            "dr": 1.223471922,
            "rc": 0.8651252926375388,
            "I": 18573837.71,
            "dz": 1.223471922
        },
        "Coil1": {
            "r": 13.92305606,
            "z": -7.965626346,
            "dr": 0.8338762816,
            "rc": 0.5896395733899831,
            "I": -7047598.104,
            "dz": 0.8338762816
        },
        "Coil2": {
            "r": 16.96710919,
            "z": -2.481853524,
            "dr": 0.8398232362,
            "rc": 0.5938447053150516,
            "I": -7323724.685,
            "dz": 0.8398232362
        },
        "Coil3": {
            "r": 17.03511046,
            "z": 2.525273216,
            "dr": 0.3166651887,
            "rc": 0.22391610229548767,
            "I": -1245380.306,
            "dz": 0.3166651887
        },
        "Coil4": {
            "r": 14.09389517,
            "z": 7.122587835,
            "dr": 0.8839144101,
            "rc": 0.625021873370217,
            "I": -5623616.885,
            "dz": 0.8839144101
        },
        "Coil5": {
            "r": 5.588279553,
            "z": 8.469323227,
            "dr": 0.8818656087,
            "rc": 0.6235731520069724,
            "I": 9711558.23,
            "dz": 0.8818656087
        },
        "Coil6": {
            "r": 2.9,
            "z": -7.8784,
            "dr": 0.8,
            "rc": 1.4594837991564003,
            "I": 14250355.56,
            "dz": 2.8072
        },
        "Coil7": {
            "r": 2.9,
            "z": -4.97125,
            "dr": 0.8,
            "rc": 1.4594357137263705,
            "I": 10720914.47,
            "dz": 2.8071
        },
        "Coil8": {
            "r": 2.9,
            "z": -0.610525,
            "dr": 0.8,
            "rc": 2.8850388178714335,
            "I": -2959187.921,
            "dz": 5.71435
        },
        "Coil9": {
            "r": 2.9,
            "z": 3.750275,
            "dr": 0.8,
            "rc": 1.4595078419196656,
            "I": 9914916.13,
            "dz": 2.80725
        },
        "Coil10": {
            "r": 2.9,
            "z": 6.65745,
            "dr": 0.8,
            "rc": 1.4594357137263705,
            "I": 15414777.23,
            "dz": 2.8071
        }
    },
    "p": [
        {
            "p1": {
                "r": 4.450920874845602,
                "z": 5.487669718426842
            },
            "p3": {
                "r": 8.631644289421484,
                "l": 2.3243542766849443,
                "t": -3.141592653589793,
                "z": 7.255699483316111
            },
            "p2": {
                "r": 6.307290012736539,
                "z": 7.255699483316111
            },
            "p0": {
                "r": 4.450920874845602,
                "l": 2.107305230519151,
                "t": 1.5707963267948966,
                "z": 3.3803644879076904
            }
        },
        {
            "p1": {
                "r": 12.303395732917432,
                "z": 7.255699483316111
            },
            "p3": {
                "r": 15.533749305246308,
                "l": 4.022281944975906,
                "t": -5.11292919081461,
                "z": -1.0163402924090916
            },
            "p2": {
                "r": 17.102100797684876,
                "z": 2.6875800146500204
            },
            "p0": {
                "r": 8.631644289421484,
                "l": 3.671751443495948,
                "t": 0.0,
                "z": 7.255699483316111
            }
        },
        {
            "p1": {
                "r": 14.05862248885356,
                "z": -4.500095175843536
            },
            "p3": {
                "r": 8.521264371332773,
                "l": 4.076257501940054,
                "t": -6.283185307179586,
                "z": -8.46700944580656
            },
            "p2": {
                "r": 12.597521873272827,
                "z": -8.467009445806559
            },
            "p0": {
                "r": 15.50963497065955,
                "l": 3.7213477563171415,
                "t": -1.9713365372248166,
                "z": -1.073290264400539
            }
        },
        {
            "p1": {
                "r": 6.305954019713129,
                "z": -8.46700944580656
            },
            "p3": {
                "r": 4.450920874845602,
                "l": 1.9110700832525354,
                "t": -1.5707963267948966,
                "z": -4.717448108337557
            },
            "p2": {
                "r": 4.450920874845602,
                "z": -6.628518191590092
            },
            "p0": {
                "r": 8.521264371332773,
                "l": 2.2153103516196446,
                "t": -3.141592653589793,
                "z": -8.46700944580656
            }
        }
    ],
    "color": [
        [
            0.4000000059604645,
            0.7607843279838562,
            0.6470588445663452
        ],
        [
            0.9813148796558381,
            0.555386416351094,
            0.3874048513524672
        ],
        [
            0.5543252860798557,
            0.6271126712069792,
            0.7959554139305564
        ],
        [
            0.9031141926260556,
            0.541853160717908,
            0.7649519555708941
        ],
        [
            0.6537178214858562,
            0.8470895900445826,
            0.32827375098770734
        ],
        [
            0.9986312957370983,
            0.8509650223395404,
            0.18488274134841617
        ],
        [
            0.8957324168261359,
            0.7678431510925293,
            0.581822400934556
        ],
        [
            0.7019608020782471,
            0.7019608020782471,
            0.7019608020782471
        ],
        [
            0.4000000059604645,
            0.7607843279838562,
            0.6470588445663452
        ],
        [
            0.9813148796558381,
            0.555386416351094,
            0.3874048513524672
        ],
        [
            0.5543252860798557,
            0.6271126712069792,
            0.7959554139305564
        ],
        [
            0.9031141926260556,
            0.541853160717908,
            0.7649519555708941
        ]
    ],
    "PFsupport": {
        "Coil2": [
            [
                16.397197571899998,
                -1.9619419058999998
            ],
            [
                17.5370208081,
                -1.9619419058999998
            ],
            [
                16.646030298657692,
                -0.41870107448424454
            ],
            [
                16.22903803405461,
                -1.6706810425744885
            ]
        ],