{
    "p": [
        {
            "p3": {
                "r": 8.56701535312784,
                "t": -3.141592653589793,
                "l": 2.1353518235567224,
                "z": 7.24625229383523
            },
            "p2": {
                "r": 6.431663529571117,
                "z": 7.24625229383523
            },
            "p1": {
                "r": 4.461485921769537,
                "z": 5.592767166295536
            },
            "p0": {
                "r": 4.461485921769537,
                "t": 1.5707963267948966,
                "l": 2.1660220333642357,
                "z": 3.4267451329313
            }
        },
        {
            "p3": {
                "r": 15.613694843521813,
                "t": -5.296712061112084,
                "l": 5.601156192699962,
                "z": -2.6139522047806363
            },
            "p2": {
                "r": 18.703488080215855,
                "z": 2.057892018810395
            },
            "p1": {
                "r": 13.833664264702112,
                "z": 7.24625229383523
            },
            "p0": {
                "r": 8.56701535312784,
                "t": 0.0,
                "l": 5.266648911574271,
                "z": 7.24625229383523
            }
        },
        {
            "p3": {
                "r": 8.499730466796063,
                "t": -6.283185307179586,
                "l": 3.434818411341354,
                "z": -8.467836860791243
            },
            "p2": {
                "r": 11.934548878137416,
                "z": -8.467836860791243
            },
            "p1": {
                "r": 13.640500226172147,
                "z": -5.597471543747581
            },
            "p0": {
                "r": 15.564391051199113,
                "t": -2.1551194075222906,
                "l": 3.4876162199799285,
                "z": -2.688500765062421
            }
        },
        {
            "p3": {
                "r": 4.461485921769537,
                "t": -1.5707963267948966,
                "l": 2.1150319754919913,
                "z": -4.6720336626458066
            },
            "p2": {
                "r": 4.461485921769537,
                "z": -6.787065638137798
            },
            "p1": {
                "r": 6.413872782265228,
                "z": -8.467836860791243
            },
            "p0": {
                "r": 8.499730466796063,
                "t": -3.141592653589793,
                "l": 2.0858576845308345,
                "z": -8.467836860791243
            }
        }
    ],
    "color": [
        [
            0.4000000059604645,
            0.7607843279838562,
            0.6470588445663452
        ],
        [
            0.9813148796558381,
            0.555386416351094,
            0.3874048513524672
        ],
        [
            0.5543252860798557,
            0.6271126712069792,
            0.7959554139305564
        ],
        [
            0.9031141926260556,
            0.541853160717908,
            0.7649519555708941
        ],
        [
            0.6537178214858562,
            0.8470895900445826,
            0.32827375098770734
        ],
        [
            0.9986312957370983,
            0.8509650223395404,
            0.18488274134841617
        ],
        [
            0.8957324168261359,
            0.7678431510925293,
            0.581822400934556
        ],
        [
            0.7019608020782471,
            0.7019608020782471,
            0.7019608020782471
        ],
        [
            0.4000000059604645,
            0.7607843279838562,
            0.6470588445663452
        ],
        [
            0.9813148796558381,
            0.555386416351094,
            0.3874048513524672
        ],
        [
            0.5543252860798557,
            0.6271126712069792,
            0.7959554139305564
        ],
        [
            0.9031141926260556,
            0.541853160717908,
            0.7649519555708941
        ]
    ],
    "section": {
        "winding_pack": {
            "width": 0.625,
            "depth": 1.243
        },
        "case": {
            "inboard": 0.04,
            "nose": 0.51,
            "external": 0.225,
            "side": 0.1,
            "outboard": 0.19
        }
    },
    "nTF": 16,
    "pf": {
        "Coil2": {
            "r": 15.8967683,
            "dr": 0.963557804,
            "rc": 0.6813382572736183,
            "I": -9387440.94,
            "dz": 0.963557804,
            "z": 6.534837
        },
        "Coil3": {
            "r": 2.9,
            "dr": 0.818,
            "rc": 2.5422387523996743,
            "I": 20980344.0,
            "dz": 5.01824546,
            "z": -9.39820524
        },
        "Coil5": {
            "r": 2.9,
            "dr": 0.818,
            "rc": 2.155741246558708,
            "I": 8612069.45,
            "dz": 4.23317343,
            "z": 6.64716632
        },
        "Coil0": {
            "r": 7.5895236,
            "dr": 0.929419949,
            "rc": 0.6571991485079551,
            "I": 5920581.3,
            "dz": 0.929419949,
            "z": -10.2625544
        },
        "Coil4": {
            "r": 2.9,
            "dr": 0.818,
            "rc": 5.62472091836956,
            "I": -58229590.3,
            "dz": 11.2196621,
            "z": -1.17925146
        },
        "Coil1": {
            "r": 16.4608174,
            "dr": 1.03881231,
            "rc": 0.7345512287810619,
            "I": -12864388.5,
            "dz": 1.03881231,
            "z": -5.19074772
        }
    }
}