{
    "p": [
        {
            "p3": {
                "r": 8.18926,
                "t": -3.141592653589793,
                "l": 1.9840303505944665,
                "z": 8.6835
            },
            "p2": {
                "r": 6.205229649405535,
                "z": 8.6835
            },
            "p1": {
                "r": 4.486,
                "z": 7.367800350594466
            },
            "p0": {
                "r": 4.486,
                "t": 1.5707963267948966,
                "l": 1.9840303505944665,
                "z": 5.38377
            }
        },
        {
            "p3": {
                "r": 15.708,
                "t": -4.71238898038469,
                "l": 4.594511916408097,
                "z": 0.0
            },
            "p2": {
                "r": 15.708,
                "z": 4.594511916408097
            },
            "p1": {
                "r": 12.783771916408098,
                "z": 8.6835
            },
            "p0": {
                "r": 8.18926,
                "t": 0.0,
                "l": 4.594511916408097,
                "z": 8.6835
            }
        },
        {
            "p3": {
                "r": 8.18926,
                "t": -6.283185307179586,
                "l": 4.594511916408097,
                "z": -8.6835
            },
            "p2": {
                "r": 12.783771916408098,
                "z": -8.683499999999999
            },
            "p1": {
                "r": 15.708,
                "z": -4.594511916408097
            },
            "p0": {
                "r": 15.708,
                "t": -1.5707963267948966,
                "l": 4.594511916408097,
                "z": 0.0
            }
        },
        {
            "p3": {
                "r": 4.486,
                "t": -1.5707963267948966,
                "l": 1.9840303505944665,
                "z": -5.38377
            },
            "p2": {
                "r": 4.486,
                "z": -7.367800350594466
            },
            "p1": {
                "r": 6.205229649405535,
                "z": -8.6835
            },
            "p0": {
                "r": 8.18926,
                "t": -3.141592653589793,
                "l": 1.9840303505944665,
                "z": -8.6835
            }
        }
    ],
    "color": [
        [
            0.5529412031173706,
            0.8274509906768799,
            0.7803921699523926
        ],
        [
            0.9964936564950382,
            0.9986466744366814,
            0.7025759500615737
        ],
        [
            0.7490965163006502,
            0.7336563019191518,
            0.8525028922978569
        ],
        [
            0.9786851223777322,
            0.5073126014541177,
            0.45665513592607837
        ],
        [
            0.5077278263428631,
            0.694256073587081,
            0.8222376111675712
        ],
        [
            0.9910188394434312,
            0.7065282758544473,
            0.3844213832827175
        ],
        [
            0.7030988258474014,
            0.8699423376251669,
            0.41165706024450416
        ],
        [
            0.9848673596101648,
            0.8047058939933777,
            0.8923183451680574
        ],
        [
            0.8483045073116527,
            0.8427681754617132,
            0.8483967795091517
        ],
        [
            0.7382391543949351,
            0.5085428974207706,
            0.7416686044019811
        ],
        [
            0.8015686392784119,
            0.9216301469241872,
            0.7699038966029297
        ],
        [
            1.0,
            0.929411768913269,
            0.43529412150382996
        ]
    ],
    "section": {
        "winding_pack": {
            "width": 0.625,
            "depth": 1.243
        },
        "case": {
            "inboard": 0.04,
            "nose": 0.51,
            "external": 0.225,
            "side": 0.1,
            "outboard": 0.19
        }
    },
    "nTF": 12,
    "pf": {
        "Coil2": {
            "r": 2.9,
            "dr": 0.818,
            "rc": 4.2159532177628884,
            "I": 32083850.2,
            "dz": 8.39213454,
            "z": 9.75393533
        },
        "Coil3": {
            "r": 7.08474973,
            "dr": 1.13195095,
            "rc": 0.8004101927155546,
            "I": 10594977.2,
            "dz": 1.13195095,
            "z": -10.458438
        },
        "Coil5": {
            "r": 18.4371446,
            "dr": 1.21608862,
            "rc": 0.8599045097257906,
            "I": -17197118.1,
            "dz": 1.21608862,
            "z": -6.20097858
        },
        "Coil0": {
            "r": 15.6712727,
            "dr": 0.993810915,
            "rc": 0.7027304372137075,
            "I": -10990268.4,
            "dz": 0.993810915,
            "z": 8.87501197
        },
        "Coil4": {
            "r": 2.9,
            "dr": 0.818,
            "rc": 6.424122874438347,
            "I": -63145335.4,
            "dz": 12.8221798,
            "z": -0.953221831
        },
        "Coil1": {
            "r": 2.9,
            "dr": 0.818,
            "rc": 1.6821837080228346,
            "I": 14831183.7,
            "dz": 3.26340989,
            "z": -9.09601667
        }
    }
}