{
    "section": {
        "case": {
            "outboard": 0.19,
            "inboard": 0.04,
            "nose": 0.51,
            "external": 0.225,
            "side": 0.1
        },
        "winding_pack": {
            "depth": 1.243,
            "width": 0.625
        }
    },
    "p": [
        {
            "p2": {
                "r": 6.91686658445521,
                "z": 8.259356520278791
            },
            "p3": {
                "r": 9.713937057253013,
                "z": 8.259356520278791,
                "t": -3.141592653589793,
                "l": 2.797070472797802
            },
            "p0": {
                "r": 4.460207057040975,
                "z": 3.4892078203937515,
                "t": 1.5707963267948966,
                "l": 3.060656857258482
            },
            "p1": {
                "r": 4.460207057040975,
                "z": 6.549864677652233
            }
        },
        {
            "p2": {
                "r": 16.53951019041517,
                "z": 6.787795267433365
            },
            "p3": {
                "r": 18.184275557325428,
                "z": 3.546200130689046,
                "t": -4.242843819349348,
                "l": 3.6349954804307325
            },
            "p0": {
                "r": 9.713937057253013,
                "z": 8.259356520278791,
                "t": 0.0,
                "l": 3.6349954805184486
            },
            "p1": {
                "r": 13.34893253777146,
                "z": 8.259356520278791
            }
        },
        {
            "p2": {
                "r": 14.932123824599639,
                "z": -8.716686699615675
            },
            "p3": {
                "r": 9.231585935904302,
                "z": -8.716686699615677,
                "t": -6.283185307179586,
                "l": 5.700537888695336
            },
            "p0": {
                "r": 18.229585465548723,
                "z": 3.456900841502973,
                "t": -1.1012511657595554,
                "l": 5.981734310036044
            },
            "p1": {
                "r": 20.936204904327298,
                "z": -1.8774554054576988
            }
        },
        {
            "p2": {
                "r": 4.460207057040975,
                "z": -7.041637812832754
            },
            "p3": {
                "r": 4.460207057040975,
                "z": -4.639403423672521,
                "t": -1.5707963267948966,
                "l": 2.4022343891602325
            },
            "p0": {
                "r": 9.231585935904302,
                "z": -8.716686699615677,
                "t": -3.141592653589793,
                "l": 2.3868797894853127
            },
            "p1": {
                "r": 6.844706146418989,
                "z": -8.716686699615677
            }
        }
    ],
    "color": [
        [
            0.5529412031173706,
            0.8274509906768799,
            0.7803921699523926
        ],
        [
            0.9964936564950382,
            0.9986466744366814,
            0.7025759500615737
        ],
        [
            0.7490965163006502,
            0.7336563019191518,
            0.8525028922978569
        ],
        [
            0.9786851223777322,
            0.5073126014541177,
            0.45665513592607837
        ],
        [
            0.5077278263428631,
            0.694256073587081,
            0.8222376111675712
        ],
        [
            0.9910188394434312,
            0.7065282758544473,
            0.3844213832827175
        ],
        [
            0.7030988258474014,
            0.8699423376251669,
            0.41165706024450416
        ],
        [
            0.9848673596101648,
            0.8047058939933777,
            0.8923183451680574
        ],
        [
            0.8483045073116527,
            0.8427681754617132,
            0.8483967795091517
        ],
        [
            0.7382391543949351,
            0.5085428974207706,
            0.7416686044019811
        ],
        [
            0.8015686392784119,
            0.9216301469241872,
            0.7699038966029297
        ],
        [
            1.0,
            0.929411768913269,
            0.43529412150382996
        ]
    ],
    "pf": {
        "Coil0": {
            "r": 7.5895236,
            "z": -10.2625544,
            "dz": 0.929419949,
            "I": 5920581.3,
            "rc": 0.6571991485079551,
            "dr": 0.929419949
        },
        "Coil2": {
            "r": 15.8967683,
            "z": 6.534837,
            "dz": 0.963557804,
            "I": -9387440.94,
            "rc": 0.6813382572736183,
            "dr": 0.963557804
        },
        "Coil3": {
            "r": 2.9,
            "z": -9.39820524,
            "dz": 5.01824546,
            "I": 20980344.0,
            "rc": 2.5422387523996743,
            "dr": 0.818
        },
        "Coil4": {
            "r": 2.9,
            "z": -1.17925146,
            "dz": 11.2196621,
            "I": -58229590.3,
            "rc": 5.62472091836956,
            "dr": 0.818
        },
        "Coil5": {
            "r": 2.9,
            "z": 6.64716632,
            "dz": 4.23317343,
            "I": 8612069.45,
            "rc": 2.155741246558708,
            "dr": 0.818
        },
        "Coil1": {
            "r": 16.4608174,
            "z": -5.19074772,
            "dz": 1.03881231,
            "I": -12864388.5,
            "rc": 0.7345512287810619,
            "dr": 1.03881231
        }
    },
    "nTF": 12
}