{
    "p": [
        {
            "p3": {
                "r": 8.18926,
                "t": -3.141592653589793,
                "l": 1.9840303505944665,
                "z": 8.6835
            },
            "p2": {
                "r": 6.205229649405535,
                "z": 8.6835
            },
            "p1": {
                "r": 4.486,
                "z": 7.367800350594466
            },
            "p0": {
                "r": 4.486,
                "t": 1.5707963267948966,
                "l": 1.9840303505944665,
                "z": 5.38377
            }
        },
        {
            "p3": {
                "r": 15.708,
                "t": -4.71238898038469,
                "l": 4.594511916408097,
                "z": 0.0
            },
            "p2": {
                "r": 15.708,
                "z": 4.594511916408097
            },
            "p1": {
                "r": 12.783771916408098,
                "z": 8.6835
            },
            "p0": {
                "r": 8.18926,
                "t": 0.0,
                "l": 4.594511916408097,
                "z": 8.6835
            }
        },
        {
            "p3": {
                "r": 8.18926,
                "t": -6.283185307179586,
                "l": 4.594511916408097,
                "z": -8.6835
            },
            "p2": {
                "r": 12.783771916408098,
                "z": -8.683499999999999
            },
            "p1": {
                "r": 15.708,
                "z": -4.594511916408097
            },
            "p0": {
                "r": 15.708,
                "t": -1.5707963267948966,
                "l": 4.594511916408097,
                "z": 0.0
            }
        },
        {
            "p3": {
                "r": 4.486,
                "t": -1.5707963267948966,
                "l": 1.9840303505944665,
                "z": -5.38377
            },
            "p2": {
                "r": 4.486,
                "z": -7.367800350594466
            },
            "p1": {
                "r": 6.205229649405535,
                "z": -8.6835
            },
            "p0": {
                "r": 8.18926,
                "t": -3.141592653589793,
                "l": 1.9840303505944665,
                "z": -8.6835
            }
        }
    ],
    "color": [
        [
            0.4000000059604645,
            0.7607843279838562,
            0.6470588445663452
        ],
        [
            0.9813148796558381,
            0.555386416351094,
            0.3874048513524672
        ],
        [
            0.5543252860798557,
            0.6271126712069792,
            0.7959554139305564
        ],
        [
            0.9031141926260556,
            0.541853160717908,
            0.7649519555708941
        ],
        [
            0.6537178214858562,
            0.8470895900445826,
            0.32827375098770734
        ],
        [
            0.9986312957370983,
            0.8509650223395404,
            0.18488274134841617
        ],
        [
            0.8957324168261359,
            0.7678431510925293,
            0.581822400934556
        ],
        [
            0.7019608020782471,
            0.7019608020782471,
            0.7019608020782471
        ],
        [
            0.4000000059604645,
            0.7607843279838562,
            0.6470588445663452
        ],
        [
            0.9813148796558381,
            0.555386416351094,
            0.3874048513524672
        ],
        [
            0.5543252860798557,
            0.6271126712069792,
            0.7959554139305564
        ],
        [
            0.9031141926260556,
            0.541853160717908,
            0.7649519555708941
        ]
    ],
    "section": {
        "winding_pack": {
            "width": 0.625,
            "depth": 1.243
        },
        "case": {
            "inboard": 0.04,
            "nose": 0.51,
            "external": 0.225,
            "side": 0.1,
            "outboard": 0.19
        }
    },
    "nTF": 8,
    "pf": {
        "Coil2": {
            "r": 15.8967683,
            "dr": 0.963557804,
            "rc": 0.6813382572736183,
            "I": -9387440.94,
            "dz": 0.963557804,
            "z": 6.534837
        },
        "Coil3": {
            "r": 2.9,
            "dr": 0.818,
            "rc": 2.5422387523996743,
            "I": 20980344.0,
            "dz": 5.01824546,
            "z": -9.39820524
        },
        "Coil5": {
            "r": 2.9,
            "dr": 0.818,
            "rc": 2.155741246558708,
            "I": 8612069.45,
            "dz": 4.23317343,
            "z": 6.64716632
        },
        "Coil0": {
            "r": 7.5895236,
            "dr": 0.929419949,
            "rc": 0.6571991485079551,
            "I": 5920581.3,
            "dz": 0.929419949,
            "z": -10.2625544
        },
        "Coil4": {
            "r": 2.9,
            "dr": 0.818,
            "rc": 5.62472091836956,
            "I": -58229590.3,
            "dz": 11.2196621,
            "z": -1.17925146
        },
        "Coil1": {
            "r": 16.4608174,
            "dr": 1.03881231,
            "rc": 0.7345512287810619,
            "I": -12864388.5,
            "dz": 1.03881231,
            "z": -5.19074772
        }
    }
}